{"cameraMode":{"drawMode":0,"name":"Shaded","section":"Shading Mode"},"sceneLighting":true,"audioPlay":false,"sceneViewState":{"m_AlwaysRefresh":false,"showFog":true,"showSkybox":true,"showFlares":true,"showImageEffects":true,"showParticleSystems":true,"showVisualEffectGraphs":true,"m_FxEnabled":true},"in2DMode":false,"pivot":{"x":-0.021687030792236329,"y":0.7969502210617065,"z":-0.9291837811470032},"rotation":{"x":-0.06612639129161835,"y":0.3547503352165222,"z":-0.0251584704965353,"w":-0.9322910904884338},"size":2.532888174057007,"orthographic":false}